book,chapter,source,target
matthew,1,jesus,david
matthew,1,jesus,abraham
matthew,1,abraham,isaac
matthew,1,abraham,jacob
matthew,1,abraham,judas
matthew,1,judas,phares
matthew,1,judas,zara
matthew,1,judas,thamar
matthew,1,judas,esrom
matthew,1,judas,aram
matthew,1,aram,aminadab
matthew,1,aram,naasjesus
matthew,1,jesse,david
matthew,1,jesse,solomon
matthew,1,jesse,urias
matthew,1,solomon,roboam
matthew,1,solomon,abia
matthew,1,solomon,asa
matthew,1,asa,josaphat
matthew,1,asa,joram
matthew,1,asa,ozias
matthew,1,ozias,joatham
matthew,1,ozias,achaz
matthew,1,ozias,ezekias
matthew,1,ezekias,manasses
matthew,1,ezekias,amon
matthew,1,ezekias,josias
matthew,1,josias,jechonias
matthew,1,josias,babylon
matthew,1,babylon,jechonias
matthew,1,babylon,salathiel
matthew,1,babylon,zorobabel
matthew,1,zorobabel,abiud
matthew,1,zorobabel,eliakim
matthew,1,zorobabel,azor
matthew,1,azor,sadoc
matthew,1,azor,achim
matthew,1,azor,eliud
matthew,1,eliud,eleazar
matthew,1,eliud,matthan
matthew,1,eliud,jacob
matthew,1,jacob,joseph
matthew,1,jacob,mary
matthew,1,jacob,jesus
matthew,1,abraham,david
matthew,1,abraham,babylon
matthew,1,jesus,mary
matthew,1,jesus,joseph
matthew,1,god,joseph
matthew,1,god,david
matthew,1,god,mary
matthew,1,joseph,god
matthew,2,jesus,bethlehem
matthew,2,jesus,judaea
matthew,2,jesus,herod
matthew,2,jesus,jerusalem
matthew,2,herod,jerusalem
matthew,2,bethlehem,judaea
matthew,2,bethlehem,juda
matthew,2,bethlehem,governor
matthew,2,bethlehem,israel
matthew,2,god,herod
matthew,2,god,joseph
matthew,2,god,egypt
matthew,2,herod,god
matthew,2,herod,egypt
matthew,2,herod,bethlehem
matthew,2,rama,rachel
matthew,2,herod,joseph
matthew,2,archelaus,judaea
matthew,2,archelaus,herod
matthew,2,archelaus,god
matthew,2,archelaus,galilee
matthew,2,nazareth,nazarene
matthew,3,john,judaea
matthew,3,esaias,god
matthew,3,jerusalem,judaea
matthew,3,jerusalem,jordan
matthew,3,pharisees,sadducees
matthew,3,god,abraham
matthew,3,jesus,galilee
matthew,3,jesus,jordan
matthew,3,jesus,john
matthew,3,jesus,god
matthew,4,jesus,god
matthew,4,jesus,satan
matthew,4,jesus,john
matthew,4,jesus,galilee
matthew,4,nazareth,capernaum
matthew,4,nazareth,zabulon
matthew,4,nazareth,nephthalim
matthew,4,zabulon,nephthalim
matthew,4,zabulon,jordan
matthew,4,zabulon,galilee
matthew,4,zabulon,gentiles
matthew,4,jesus,simon
matthew,4,jesus,peter
matthew,4,jesus,andrew
matthew,4,james,zebedee
matthew,4,james,john
matthew,4,galilee,decapolis
matthew,4,galilee,jerusalem
matthew,4,galilee,judaea
matthew,4,galilee,jordan
matthew,6,gentiles,god
matthew,8,jesus,capernaum
matthew,8,jesus,israel
matthew,8,abraham,isaac
matthew,8,abraham,jacob
matthew,8,jesus,peter
matthew,8,jesus,god
matthew,9,jesus,matthew
matthew,9,john,pharisees
matthew,9,jesus,david
matthew,9,jesus,god
matthew,10,simon,peter
matthew,10,simon,andrew
matthew,10,simon,james
matthew,10,simon,zebedee
matthew,10,simon,john
matthew,10,philip,bartholomew
matthew,10,philip,thomas
matthew,10,philip,matthew
matthew,10,philip,james
matthew,10,philip,alphaeus
matthew,10,philip,lebbaeus
matthew,10,philip,thaddaeus
matthew,10,simon,canaanite
matthew,10,simon,judas
matthew,10,jesus,gentiles
matthew,10,sodom,gomorrha
matthew,11,jesus,john
matthew,11,tyre,sidon
matthew,11,capernaum,sodom
matthew,11,jesus,god
matthew,12,jesus,god
matthew,12,pharisees,beelzebub
matthew,12,jonas,jesus
matthew,12,nineveh,jonas
matthew,13,jesus,god
matthew,13,mary,james
matthew,13,mary,joses
matthew,13,mary,simon
matthew,13,mary,judas
matthew,14,herod,john
matthew,14,herod,herodias
matthew,14,herod,philip
matthew,14,peter,god
matthew,14,jesus,god
matthew,15,jesus,pharisees
matthew,15,jesus,jerusalem
matthew,15,jesus,tyre
matthew,15,jesus,sidon
matthew,15,canaan,god
matthew,15,canaan,david
matthew,15,jesus,galilee
matthew,15,god,israel
matthew,16,pharisees,sadducees
matthew,16,jesus,pharisees
matthew,16,jesus,sadducees
matthew,16,jesus,caesarea
matthew,16,jesus,philippi
matthew,16,john,elias
matthew,16,john,jeremias
matthew,16,simon,peter
matthew,16,simon,jesus
matthew,16,simon,god
matthew,16,jesus,simon
matthew,16,jesus,barjona
matthew,16,jesus,god
matthew,16,jesus,jerusalem
matthew,16,peter,god
matthew,16,peter,satan
matthew,17,jesus,peter
matthew,17,jesus,james
matthew,17,jesus,john
matthew,17,peter,jesus
matthew,17,peter,god
matthew,17,peter,moses
matthew,17,peter,elias
matthew,17,jesus,elias
matthew,17,elias,jesus
matthew,17,galilee,jesus
matthew,17,capernaum,peter
matthew,17,jesus,simon
matthew,18,peter,god
matthew,19,jesus,galilee
matthew,19,jesus,judaea
matthew,19,jesus,jordan
matthew,19,jesus,god
matthew,19,jesus,israel
matthew,20,jesus,jerusalem
matthew,20,jesus,gentiles
matthew,20,jesus,god
matthew,20,jesus,david
matthew,21,jerusalem,bethphage
matthew,21,jerusalem,jesus
matthew,21,hosanna,david
matthew,21,hosanna,god
matthew,21,jesus,nazareth
matthew,21,jesus,galilee
matthew,21,jesus,god
matthew,22,caesar,god
matthew,22,jesus,god
matthew,22,god,abraham
matthew,22,god,isaac
matthew,22,god,jacob
matthew,22,pharisees,sadducees
matthew,22,david,god
matthew,23,pharisees,moses
matthew,23,abel,zacharias
matthew,23,abel,barachias
matthew,24,noe,jesus
matthew,26,jesus,bethany
matthew,26,jesus,simon
matthew,26,jesus,gethsemane
matthew,26,peter,zebedee
matthew,26,jesus,caiaphas
matthew,26,jesus,god
matthew,26,peter,jesus
matthew,26,peter,galilee
matthew,26,jesus,nazareth
matthew,27,pontius,pilate
matthew,27,jeremy,israel
matthew,27,jesus,jews
matthew,27,pilate,barabbas
matthew,27,pilate,jesus
matthew,27,barabbas,jesus
matthew,27,cyrene,simon
matthew,27,god,jesus
matthew,27,jesus,eli
matthew,27,jesus,god
matthew,27,jesus,galilee
matthew,27,mary,magdalene
matthew,27,mary,james
matthew,27,mary,joses
matthew,27,mary,zebedees
matthew,27,arimathaea,joseph
matthew,27,arimathaea,jesus
matthew,28,mary,magdalene
matthew,28,jesus,galilee
matthew,28,galilee,jesus
mark,1,jesus,god
mark,1,judaea,jerusalem
mark,1,judaea,jordan
mark,1,jesus,nazareth
mark,1,jesus,galilee
mark,1,jesus,john
mark,1,jesus,jordan
mark,1,john,jesus
mark,1,john,galilee
mark,1,john,god
mark,1,galilee,simon
mark,1,galilee,andrew
mark,1,james,zebedee
mark,1,james,john
mark,1,simon,andrew
mark,1,simon,james
mark,1,simon,john
mark,2,levi,alphaeus
mark,2,john,pharisees
mark,2,god,abiathar
mark,2,jesus,god
mark,3,jesus,galilee
mark,3,jesus,judaea
mark,3,jerusalem,idumaea
mark,3,jerusalem,jordan
mark,3,jerusalem,tyre
mark,3,jerusalem,sidon
mark,3,simon,peter
mark,3,james,zebedee
mark,3,james,john
mark,3,james,boanerges
mark,3,andrew,philip
mark,3,andrew,bartholomew
mark,3,andrew,matthew
mark,3,andrew,thomas
mark,3,andrew,james
mark,3,andrew,alphaeus
mark,3,andrew,thaddaeus
mark,3,andrew,simon
mark,3,andrew,canaanite
mark,3,jerusalem,beelzebub
mark,5,jesus,god
mark,5,decapolis,jesus
mark,5,peter,james
mark,5,peter,john
mark,5,talitha,damsel
mark,6,mary,james
mark,6,mary,joses
mark,6,mary,juda
mark,6,mary,simon
mark,6,sodom,gomorrha
mark,6,herod,john
mark,6,herod,herodias
mark,6,herod,philip
mark,6,john,herod
mark,6,herodias,herod
mark,7,pharisees,jerusalem
mark,7,pharisees,jews
mark,7,tyre,sidon
mark,7,tyre,galilee
mark,7,tyre,decapolis
mark,8,jesus,caesarea
mark,8,jesus,philippi
mark,8,john,elias
mark,8,peter,satan
mark,8,peter,god
mark,9,jesus,peter
mark,9,jesus,james
mark,9,jesus,john
mark,9,elias,jesus
mark,9,peter,jesus
mark,9,peter,moses
mark,9,peter,elias
mark,10,judaea,jordan
mark,10,jesus,god
mark,10,jesus,children
mark,10,jerusalem,jesus
mark,10,james,john
mark,10,james,zebedee
mark,10,jesus,gentiles
mark,10,jericho,bartimaeus
mark,10,jericho,timaeus
mark,10,jesus,nazareth
mark,10,jesus,david
mark,11,jerusalem,bethphage
mark,11,jerusalem,bethany
mark,11,hosanna,god
mark,11,david,god
mark,11,david,hosanna
mark,11,jesus,jerusalem
mark,11,jerusalem,jesus
mark,11,jesus,god
mark,12,jesus,caesar
mark,12,jesus,god
mark,12,moses,god
mark,12,moses,abraham
mark,12,moses,isaac
mark,12,moses,jacob
mark,12,jesus,israel
mark,12,jesus,david
mark,12,david,god
mark,13,peter,james
mark,13,peter,john
mark,13,peter,andrew
mark,13,daniel,judaea
mark,13,jesus,god
mark,14,bethany,simon
mark,14,peter,james
mark,14,peter,john
mark,14,abba,god
mark,14,peter,simon
mark,14,peter,jesus
mark,14,peter,nazareth
mark,14,peter,galilaean
mark,15,jesus,pilate
mark,15,pilate,jews
mark,15,pilate,barabbas
mark,15,pilate,jesus
mark,15,simon,alexander
mark,15,simon,rufus
mark,15,jesus,eloi
mark,15,jesus,god
mark,15,mary,magdalene
mark,15,mary,james
mark,15,mary,joses
mark,15,mary,salome
mark,15,joseph,arimathaea
mark,15,joseph,god
mark,15,joseph,pilate
mark,15,joseph,jesus
mark,16,mary,magdalene
mark,16,mary,james
mark,16,mary,salome
mark,16,peter,galilee
mark,16,jesus,mary
mark,16,jesus,magdalene
luke,1,israel,god
luke,1,elias,god
luke,1,gabriel,god
luke,1,gabriel,galilee
luke,1,gabriel,nazareth
luke,1,joseph,david
luke,1,joseph,mary
luke,1,jesus,god
luke,1,jesus,david
luke,1,mary,god
luke,1,mary,juda
luke,1,zacharias,elisabeth
luke,1,elisabeth,mary
luke,1,god,jesus
luke,1,god,israel
luke,2,caesar,augustus
luke,2,cyrenius,syria
luke,2,joseph,galilee
luke,2,joseph,nazareth
luke,2,joseph,judaea
luke,2,joseph,david
luke,2,joseph,bethlehem
luke,2,david,jesus
luke,2,david,god
luke,2,bethlehem,god
luke,2,mary,joseph
luke,2,jerusalem,god
luke,2,jerusalem,simeon
luke,2,jerusalem,israel
luke,2,gentiles,israel
luke,2,simeon,mary
luke,2,simeon,israel
luke,2,anna,phanuel
luke,2,anna,aser
luke,2,god,jerusalem
luke,2,god,galilee
luke,2,god,nazareth
luke,2,jesus,jerusalem
luke,2,jesus,joseph
luke,2,jesus,god
luke,3,tiberius,caesar
luke,3,tiberius,pontius
luke,3,tiberius,pilate
luke,3,tiberius,judaea
luke,3,tiberius,herod
luke,3,tiberius,galilee
luke,3,tiberius,philip
luke,3,tiberius,ituraea
luke,3,tiberius,trachonitis
luke,3,tiberius,lysanias
luke,3,tiberius,abilene
luke,3,annas,caiaphas
luke,3,annas,god
luke,3,annas,john
luke,3,annas,zacharias
luke,3,esaias,god
luke,3,herod,herodias
luke,3,herod,philip
luke,3,jesus,joseph
luke,3,jesus,heli
luke,3,matthat,levi
luke,3,matthat,melchi
luke,3,matthat,janna
luke,3,matthat,joseph
luke,3,mattathias,amos
luke,3,mattathias,naum
luke,3,mattathias,esli
luke,3,mattathias,nagge
luke,3,maath,mattathias
luke,3,maath,semei
luke,3,maath,joseph
luke,3,maath,juda
luke,3,joanna,rhesa
luke,3,joanna,zorobabel
luke,3,joanna,salathiel
luke,3,joanna,neri
luke,3,melchi,addi
luke,3,melchi,cosam
luke,3,melchi,elmodam
luke,3,melchi,er
luke,3,jose,eliezer
luke,3,jose,jorim
luke,3,jose,matthat
luke,3,jose,levi
luke,3,simeon,juda
luke,3,simeon,joseph
luke,3,simeon,jonan
luke,3,simeon,eliakim
luke,3,melea,menan
luke,3,melea,mattatha
luke,3,melea,nathan
luke,3,melea,david
luke,3,jesse,obed
luke,3,jesse,booz
luke,3,jesse,naasjesus
luke,3,aminadab,aram
luke,3,aminadab,esrom
luke,3,aminadab,phares
luke,3,aminadab,juda
luke,3,jacob,isaac
luke,3,jacob,abraham
luke,3,jacob,thara
luke,3,jacob,nachor
luke,3,saruch,ragau
luke,3,saruch,phalec
luke,3,saruch,heber
luke,3,saruch,sala
luke,3,cainan,arphaxad
luke,3,cainan,sem
luke,3,cainan,noe
luke,3,cainan,lamech
luke,3,mathusala,enoch
luke,3,mathusala,jared
luke,3,mathusala,maleleel
luke,3,mathusala,cainan
luke,3,enos,seth
luke,3,enos,adam
luke,3,enos,god
luke,4,jesus,jordan
luke,4,jesus,god
luke,4,jesus,satan
luke,4,jerusalem,jesus
luke,4,jerusalem,god
luke,4,jesus,galilee
luke,4,israel,elias
luke,4,elias,sarepta
luke,4,elias,sidon
luke,4,israel,eliseus
luke,4,israel,naaman
luke,4,capernaum,galilee
luke,4,jesus,nazareth
luke,5,god,gennesaret
luke,5,simon,launch
luke,5,simon,peter
luke,5,simon,jesus
luke,5,simon,god
luke,5,james,john
luke,5,james,zebedee
luke,5,james,simon
luke,5,james,jesus
luke,5,jesus,god
luke,5,galilee,judaea
luke,5,galilee,jerusalem
luke,5,galilee,god
luke,5,pharisees,god
luke,5,john,pharisees
luke,6,jesus,david
luke,6,jesus,god
luke,6,simon,peter
luke,6,simon,andrew
luke,6,simon,james
luke,6,simon,john
luke,6,simon,philip
luke,6,simon,bartholomew
luke,6,matthew,thomas
luke,6,matthew,james
luke,6,matthew,alphaeus
luke,6,matthew,simon
luke,6,judas,james
luke,6,judaea,jerusalem
luke,6,judaea,tyre
luke,6,judaea,sidon
luke,7,jesus,jews
luke,7,jesus,god
luke,7,jesus,israel
luke,7,john,jesus
luke,7,jesus,john
luke,7,john,god
luke,7,god,john
luke,7,pharisees,god
luke,7,pharisees,pharisee
luke,7,jesus,pharisee
luke,7,jesus,simon
luke,8,mary,magdalene
luke,8,joanna,chuza
luke,8,joanna,herod
luke,8,joanna,susanna
luke,8,gadarenes,galilee
luke,8,jesus,god
luke,8,god,jesus
luke,8,jairus,jesus
luke,8,jesus,peter
luke,8,peter,james
luke,8,peter,john
luke,9,herod,john
luke,9,john,elias
luke,9,peter,god
luke,9,jesus,god
luke,9,peter,john
luke,9,peter,james
luke,9,peter,jesus
luke,9,peter,moses
luke,9,god,jesus
luke,9,james,john
luke,9,james,god
luke,9,james,elias
luke,10,tyre,sidon
luke,10,jesus,god
luke,10,jesus,jerusalem
luke,10,jesus,jericho
luke,10,mary,jesus
luke,10,martha,god
luke,10,jesus,martha
luke,11,god,john
luke,11,satan,beelzebub
luke,11,jonas,ninevites
luke,11,jonas,jesus
luke,11,nineve,jonas
luke,11,abel,zacharias
luke,12,peter,god
luke,13,galilaeans,pilate
luke,13,siloam,jerusalem
luke,13,abraham,satan
luke,13,abraham,isaac
luke,13,abraham,jacob
luke,13,abraham,god
luke,13,pharisees,herod
luke,14,jesus,pharisees
luke,16,john,god
luke,16,abraham,lazarus
luke,16,god,abraham
luke,16,god,lazarus
luke,16,abraham,jesus
luke,17,jerusalem,samaria
luke,17,jerusalem,galilee
luke,17,pharisees,god
luke,17,noe,jesus
luke,17,lot,sodom
luke,18,pharisee,god
luke,18,jesus,god
luke,18,jesus,nazareth
luke,18,jesus,david
luke,19,jesus,jericho
luke,19,jesus,zacchaeus
luke,19,zacchaeus,god
luke,19,jesus,abraham
luke,19,jerusalem,god
luke,19,bethphage,bethany
luke,20,god,abraham
luke,20,god,isaac
luke,20,god,jacob
luke,20,david,god
luke,21,jerusalem,gentiles
luke,22,satan,judas
luke,22,peter,john
luke,22,god,simon
luke,22,god,satan
luke,22,judas,jesus
luke,22,jesus,judas
luke,22,god,peter
luke,23,pilate,jews
luke,23,jewry,galilee
luke,23,pilate,galilee
luke,23,pilate,galilaean
luke,23,herod,jerusalem
luke,23,herod,jesus
luke,23,herod,pilate
luke,23,pilate,herod
luke,23,pilate,jesus
luke,23,simon,jesus
luke,23,jesus,daughters
luke,23,jesus,jerusalem
luke,23,jesus,god
luke,23,greek,hebrew
luke,23,greek,jews
luke,23,arimathaea,god
luke,24,god,jesus
luke,24,mary,magdalene
luke,24,mary,joanna
luke,24,mary,james
luke,24,emmaus,jerusalem
luke,24,cleopas,jerusalem
luke,24,jesus,nazareth
luke,24,jesus,god
luke,24,god,simon
luke,24,god,jerusalem
john,1,god,john
john,1,god,jesus
john,1,john,jews
john,1,john,jerusalem
john,1,bethabara,jordan
john,1,bethabara,john
john,1,john,jesus
john,1,john,god
john,1,jesus,god
john,1,jesus,rabbi
john,1,john,andrew
john,1,john,simon
john,1,john,peter
john,1,simon,messias
john,1,jesus,simon
john,1,jesus,jona
john,1,jesus,cephas
john,1,jesus,galilee
john,1,jesus,philip
john,1,philip,bethsaida
john,1,philip,andrew
john,1,philip,peter
john,1,philip,nathanael
john,1,philip,moses
john,1,philip,jesus
john,1,philip,nazareth
john,1,philip,joseph
john,1,nathanael,nazareth
john,1,nathanael,philip
john,1,jesus,nathanael
john,1,jesus,israelite
john,1,nathanael,jesus
john,1,nathanael,rabbi
john,1,nathanael,god
john,1,nathanael,israel
john,2,cana,galilee
john,2,cana,jesus
john,2,jesus,cana
john,2,jesus,galilee
john,2,jews,jesus
john,2,jews,jerusalem
john,3,pharisees,nicodemus
john,3,jesus,rabbi
john,3,jesus,god
john,3,jesus,israel
john,3,god,jesus
john,3,jesus,judaea
john,3,john,aenon
john,3,john,salim
john,3,john,rabbi
john,3,john,jordan
john,4,god,pharisees
john,4,god,jesus
john,4,god,john
john,4,judaea,galilee
john,4,samaria,sychar
john,4,samaria,jacob
john,4,samaria,joseph
john,4,jacob,jesus
john,4,samaria,jesus
john,4,samaria,jews
john,4,jesus,god
john,4,jesus,jerusalem
john,4,galilee,jerusalem
john,4,jesus,cana
john,4,jesus,galilee
john,4,jesus,capernaum
john,4,jesus,judaea
john,5,jesus,jerusalem
john,5,jerusalem,hebrew
john,5,jerusalem,bethesda
john,5,jews,jesus
john,5,jesus,god
john,5,god,jesus
john,5,john,god
john,6,jesus,galilee
john,6,jesus,tiberias
john,6,jesus,philip
john,6,andrew,simon
john,6,andrew,peter
john,6,capernaum,jesus
john,6,jesus,capernaum
john,6,jesus,god
john,6,jesus,joseph
john,6,jesus,murmur
john,6,simon,peter
john,6,simon,god
john,6,judas,simon
john,7,jesus,galilee
john,7,jesus,jewry
john,7,jesus,jews
john,7,jews,gentiles
john,7,nicodemus,jesus
john,8,jesus,god
john,8,jesus,jews
john,8,abraham,jesus
john,8,god,abraham
john,8,jews,abraham
john,8,jesus,abraham
john,9,jesus,god
john,10,jesus,solomon
john,10,jesus,god
john,10,jordan,john
john,11,lazarus,bethany
john,11,lazarus,mary
john,11,lazarus,martha
john,11,mary,god
john,11,mary,lazarus
john,11,jesus,god
john,11,jesus,martha
john,11,jesus,lazarus
john,11,thomas,didymus
john,11,bethany,jerusalem
john,11,martha,mary
john,11,martha,jesus
john,11,martha,god
john,11,mary,jesus
john,11,jesus,jews
john,11,jews,mary
john,11,jews,jesus
john,11,pharisees,jesus
john,11,jesus,ephraim
john,11,jews,jerusalem
john,12,jesus,bethany
john,12,jesus,lazarus
john,12,martha,lazarus
john,12,mary,jesus
john,12,judas,simon
john,12,jews,jesus
john,12,jews,lazarus
john,12,jesus,jerusalem
john,12,philip,bethsaida
john,12,philip,galilee
john,12,philip,jesus
john,12,philip,andrew
john,12,esaias,god
john,13,jesus,god
john,13,judas,simon
john,13,simon,peter
john,13,simon,god
john,13,peter,jesus
john,13,jesus,judas
john,13,jesus,simon
john,13,satan,jesus
john,13,judas,jesus
john,13,simon,jesus
john,13,peter,god
john,14,thomas,god
john,14,jesus,god
john,14,philip,god
john,14,jesus,philip
john,14,god,jesus
john,14,judas,god
john,17,jesus,god
john,17,god,jesus
john,18,jesus,cedron
john,18,judas,jesus
john,18,judas,pharisees
john,18,jesus,nazareth
john,18,jesus,judas
john,18,simon,peter
john,18,simon,malchus
john,18,jesus,peter
john,18,jesus,god
john,18,jews,jesus
john,18,annas,caiaphas
john,18,caiaphas,jews
john,18,simon,jesus
john,18,jesus,jews
john,18,jesus,caiaphas
john,18,pilate,jesus
john,18,pilate,jews
john,19,pilate,jesus
john,19,jesus,pilate
john,19,jesus,god
john,19,pilate,jews
john,19,pilate,caesar
john,19,pilate,hebrew
john,19,pilate,gabbatha
john,19,hebrew,golgotha
john,19,pilate,nazareth
john,19,jesus,hebrew
john,19,jesus,greek
john,19,jesus,mary
john,19,jesus,cleophas
john,19,jesus,magdalene
john,19,jews,pilate
john,19,joseph,arimathaea
john,19,joseph,jesus
john,19,joseph,jews
john,19,joseph,pilate
john,19,nicodemus,jesus
john,19,jesus,jews
john,20,mary,magdalene
john,20,simon,peter
john,20,simon,jesus
john,20,simon,god
john,20,jesus,mary
john,20,jesus,rabboni
john,20,jesus,god
john,20,magdalene,god
john,20,jews,jesus
john,20,thomas,didymus
john,20,thomas,jesus
john,20,thomas,god
john,20,jesus,thomas
john,21,jesus,tiberias
john,21,simon,peter
john,21,simon,thomas
john,21,simon,didymus
john,21,simon,nathanael
john,21,simon,cana
john,21,simon,galilee
john,21,simon,zebedee
john,21,jesus,children
john,21,jesus,peter
john,21,jesus,god
john,21,jesus,simon
john,21,jesus,jonas
john,21,simon,jonas
john,21,simon,god
john,21,simon,jesus
john,21,peter,jesus
john,21,peter,god
acts,1,jerusalem,god
acts,1,god,israel
acts,1,jerusalem,olivet
acts,1,peter,james
acts,1,peter,john
acts,1,peter,andrew
acts,1,peter,philip
acts,1,peter,thomas
acts,1,peter,bartholomew
acts,1,peter,matthew
acts,1,peter,alphaeus
acts,1,peter,simon
acts,1,peter,zelotes
acts,1,peter,judas
acts,1,mary,jesus
acts,1,jerusalem,aceldama
acts,1,god,jesus
acts,1,joseph,barsabas
acts,1,joseph,justus
acts,1,joseph,matthias
acts,2,jerusalem,jews
acts,2,medes,elamites
acts,2,medes,mesopotamia
acts,2,medes,judaea
acts,2,medes,cappadocia
acts,2,medes,pontus
acts,2,medes,asia
acts,2,phrygia,pamphylia
acts,2,phrygia,egypt
acts,2,phrygia,libya
acts,2,phrygia,cyrene
acts,2,phrygia,rome
acts,2,phrygia,jews
acts,2,peter,judaea
acts,2,peter,jerusalem
acts,2,david,god
acts,2,jesus,god
acts,2,israel,god
acts,2,israel,jesus
acts,2,peter,jesus
acts,3,peter,john
acts,3,peter,silver
acts,3,peter,jesus
acts,3,peter,nazareth
acts,3,peter,solomon
acts,3,peter,israel
acts,3,god,abraham
acts,3,god,isaac
acts,3,god,jacob
acts,3,god,jesus
acts,3,god,pilate
acts,3,moses,god
acts,4,annas,caiaphas
acts,4,annas,john
acts,4,annas,alexander
acts,4,annas,jerusalem
acts,4,peter,israel
acts,4,israel,jesus
acts,4,israel,nazareth
acts,4,israel,god
acts,4,peter,john
acts,4,peter,jesus
acts,4,peter,god
acts,4,jesus,herod
acts,4,jesus,pontius
acts,4,jesus,pilate
acts,4,jesus,gentiles
acts,4,jesus,israel
acts,4,god,jesus
acts,4,joses,barnabas
acts,4,joses,levite
acts,4,joses,cyprus
acts,5,ananias,sapphira
acts,5,peter,ananias
acts,5,peter,satan
acts,5,peter,god
acts,5,god,jesus
acts,5,pharisee,gamaliel
acts,5,judas,galilee
acts,6,stephen,philip
acts,6,stephen,prochorus
acts,6,stephen,nicanor
acts,6,stephen,timon
acts,6,stephen,parmenas
acts,6,stephen,nicolas
acts,6,stephen,antioch
acts,6,god,jerusalem
acts,6,libertines,cilicia
acts,6,libertines,asia
acts,6,libertines,stephen
acts,6,moses,god
acts,6,jesus,nazareth
acts,6,jesus,moses
acts,7,abraham,isaac
acts,7,abraham,jacob
acts,7,joseph,egypt
acts,7,joseph,god
acts,7,pharaoh,egypt
acts,7,egypt,chanaan
acts,7,jacob,egypt
acts,7,joseph,pharaoh
acts,7,joseph,jacob
acts,7,sychem,abraham
acts,7,sychem,emmor
acts,7,god,abraham
acts,7,god,egypt
acts,7,sina,god
acts,7,god,isaac
acts,7,god,jacob
acts,7,god,moses
acts,7,moses,israel
acts,7,moses,god
acts,7,aaron,moses
acts,7,aaron,egypt
acts,7,god,israel
acts,7,jesus,gentiles
acts,7,jesus,god
acts,7,jesus,david
acts,7,heaven,god
acts,7,stephen,god
acts,7,stephen,jesus
acts,8,saul,jerusalem
acts,8,saul,judaea
acts,8,saul,samaria
acts,8,philip,samaria
acts,8,simon,samaria
acts,8,philip,god
acts,8,philip,jesus
acts,8,simon,philip
acts,8,jerusalem,samaria
acts,8,jerusalem,god
acts,8,jerusalem,peter
acts,8,jerusalem,john
acts,8,god,jesus
acts,8,peter,god
acts,8,simon,god
acts,8,god,jerusalem
acts,8,god,philip
acts,8,god,gaza
acts,8,ethiopia,candace
acts,8,ethiopia,jerusalem
acts,8,philip,esaias
acts,8,philip,azotus
acts,8,philip,caesarea
acts,9,saul,god
acts,9,saul,damascus
acts,9,damascus,ananias
acts,9,damascus,god
acts,9,god,judas
acts,9,god,saul
acts,9,ananias,god
acts,9,ananias,jerusalem
acts,9,god,gentiles
acts,9,god,israel
acts,9,ananias,brother
acts,9,ananias,saul
acts,9,ananias,jesus
acts,9,saul,jews
acts,9,saul,jerusalem
acts,9,barnabas,god
acts,9,barnabas,damascus
acts,9,barnabas,jesus
acts,9,god,jesus
acts,9,caesarea,tarsus
acts,9,judaea,galilee
acts,9,judaea,samaria
acts,9,judaea,god
acts,9,peter,lydda
acts,9,peter,aeneas
acts,9,peter,jesus
acts,9,lydda,saron
acts,9,lydda,god
acts,9,joppa,tabitha
acts,9,lydda,joppa
acts,9,lydda,peter
acts,9,peter,dorcas
acts,9,peter,tabitha
acts,9,joppa,god
acts,9,joppa,simon
acts,10,caesarea,cornelius
acts,10,god,cornelius
acts,10,joppa,simon
acts,10,joppa,peter
acts,10,peter,god
acts,10,peter,cornelius
acts,10,peter,simon
acts,10,simon,peter
acts,10,cornelius,god
acts,10,cornelius,jews
acts,10,peter,joppa
acts,10,god,israel
acts,10,god,jesus
acts,10,judaea,galilee
acts,10,judaea,john
acts,10,god,nazareth
acts,10,jews,jerusalem
acts,10,peter,gentiles
acts,10,god,peter
acts,11,judaea,gentiles
acts,11,judaea,god
acts,11,peter,jerusalem
acts,11,god,john
acts,11,god,jesus
acts,11,god,gentiles
acts,11,stephen,phenice
acts,11,stephen,cyprus
acts,11,stephen,antioch
acts,11,stephen,jews
acts,11,cyprus,cyrene
acts,11,cyprus,antioch
acts,11,cyprus,god
acts,11,cyprus,jesus
acts,11,jerusalem,barnabas
acts,11,jerusalem,antioch
acts,11,barnabas,tarsus
acts,11,agabus,claudius
acts,11,agabus,caesar
acts,11,barnabas,saul
acts,12,james,john
acts,12,peter,god
acts,12,herod,peter
acts,12,god,peter
acts,12,peter,herod
acts,12,peter,jews
acts,12,mary,john
acts,12,mary,mark
acts,12,peter,rhoda
acts,12,god,james
acts,12,herod,judaea
acts,12,herod,caesarea
acts,12,herod,tyre
acts,12,herod,sidon
acts,12,herod,blastus
acts,12,barnabas,saul
acts,12,barnabas,jerusalem
acts,12,barnabas,john
acts,12,barnabas,mark
acts,13,antioch,barnabas
acts,13,antioch,simeon
acts,13,antioch,niger
acts,13,antioch,lucius
acts,13,antioch,cyrene
acts,13,antioch,manaen
acts,13,antioch,herod
acts,13,antioch,saul
acts,13,god,barnabas
acts,13,god,saul
acts,13,salamis,god
acts,13,salamis,john
acts,13,paphos,barjesus
acts,13,sergius,paulus
acts,13,sergius,barnabas
acts,13,sergius,saul
acts,13,sergius,god
acts,13,saul,paul
acts,13,paul,paphos
acts,13,paul,perga
acts,13,paul,pamphylia
acts,13,paul,john
acts,13,paul,jerusalem
acts,13,perga,antioch
acts,13,perga,pisidia
acts,13,paul,israel
acts,13,paul,god
acts,13,god,israel
acts,13,god,egypt
acts,13,god,cis
acts,13,god,benjamin
acts,13,david,jesse
acts,13,god,jesus
acts,13,john,israel
acts,13,abraham,god
acts,13,galilee,jerusalem
acts,13,david,god
acts,13,jews,paul
acts,13,jews,barnabas
acts,13,jews,god
acts,13,paul,barnabas
acts,13,paul,gentiles
acts,13,god,gentiles
acts,13,gentiles,god
acts,14,iconium,jews
acts,14,iconium,greeks
acts,14,lystra,derbe
acts,14,lystra,lycaonia
acts,14,paul,lycaonia
acts,14,barnabas,jupiter
acts,14,barnabas,paul
acts,14,barnabas,mercurius
acts,14,antioch,iconium
acts,14,antioch,paul
acts,14,lystra,iconium
acts,14,lystra,antioch
acts,14,pisidia,pamphylia
acts,14,antioch,god
acts,14,god,gentiles
acts,15,judaea,moses
acts,15,paul,barnabas
acts,15,paul,jerusalem
acts,15,phenice,samaria
acts,15,phenice,gentiles
acts,15,jerusalem,god
acts,15,pharisees,moses
acts,15,peter,god
acts,15,peter,gentiles
acts,15,god,jesus
acts,15,barnabas,paul
acts,15,barnabas,god
acts,15,barnabas,gentiles
acts,15,simeon,god
acts,15,simeon,gentiles
acts,15,god,gentiles
acts,15,antioch,paul
acts,15,antioch,barnabas
acts,15,antioch,judas
acts,15,antioch,barsabas
acts,15,antioch,silas
acts,15,gentiles,antioch
acts,15,gentiles,syria
acts,15,gentiles,cilicia
acts,15,judas,silas
acts,15,paul,antioch
acts,15,paul,god
acts,15,barnabas,john
acts,15,barnabas,mark
acts,15,paul,pamphylia
acts,15,barnabas,cyprus
acts,15,paul,silas
acts,15,syria,cilicia
acts,16,derbe,lystra
acts,16,derbe,timotheus
acts,16,derbe,jewess
acts,16,lystra,iconium
acts,16,phrygia,galatia
acts,16,phrygia,asia
acts,16,mysia,bithynia
acts,16,mysia,troas
acts,16,paul,macedonia
acts,16,macedonia,god
acts,16,troas,samothracia
acts,16,troas,neapolis
acts,16,philippi,macedonia
acts,16,lydia,thyatira
acts,16,lydia,god
acts,16,lydia,paul
acts,16,paul,god
acts,16,paul,jesus
acts,16,paul,silas
acts,17,amphipolis,apollonia
acts,17,amphipolis,thessalonica
acts,17,paul,silas
acts,17,jews,jajesus
acts,17,paul,berea
acts,17,paul,jews
acts,17,jews,thessalonica
acts,17,jews,god
acts,17,jews,paul
acts,17,jews,berea
acts,17,paul,timotheus
acts,17,paul,athens
acts,17,stoicks,jesus
acts,17,paul,mars
acts,18,paul,athens
acts,18,paul,corinth
acts,18,silas,timotheus
acts,18,silas,macedonia
acts,18,silas,paul
acts,18,silas,jesus
acts,18,justus,god
acts,18,crispus,god
acts,18,god,paul
acts,18,gallio,achaia
acts,18,gallio,jews
acts,18,gallio,paul
acts,18,paul,gallio
acts,18,paul,jews
acts,18,greeks,sosthenes
acts,18,greeks,gallio
acts,18,paul,syria
acts,18,paul,priscilla
acts,18,paul,aquila
acts,18,paul,cenchrea
acts,18,jerusalem,god
acts,18,jerusalem,ephesus
acts,18,caesarea,antioch
acts,18,galatia,phrygia
acts,18,god,john
acts,18,aquila,priscilla
acts,18,aquila,god
acts,19,apollos,corinth
acts,19,apollos,paul
acts,19,apollos,ephesus
acts,19,paul,john
acts,19,paul,jesus
acts,19,god,jesus
acts,19,asia,god
acts,19,asia,jesus
acts,19,asia,jews
acts,19,asia,greeks
acts,19,god,paul
acts,19,jews,god
acts,19,jews,jesus
acts,19,jews,paul
acts,19,jesus,paul
acts,19,jews,greeks
acts,19,jews,ephesus
acts,19,paul,macedonia
acts,19,paul,achaia
acts,19,paul,jerusalem
acts,19,paul,rome
acts,19,macedonia,timotheus
acts,19,macedonia,erastus
acts,19,macedonia,asia
acts,19,demetrius,diana
acts,19,ephesus,asia
acts,19,ephesus,paul
acts,19,diana,asia
acts,19,gaius,aristarchus
acts,19,gaius,macedonia
acts,19,gaius,paul
acts,19,alexander,jews
acts,20,paul,macedonia
acts,20,jews,syria
acts,20,jews,macedonia
acts,20,asia,sopater
acts,20,asia,berea
acts,20,asia,aristarchus
acts,20,asia,secundus
acts,20,asia,gaius
acts,20,asia,derbe
acts,20,asia,timotheus
acts,20,asia,tychicus
acts,20,asia,trophimus
acts,20,eutychus,paul
acts,20,assos,paul
acts,20,assos,mitylene
acts,20,chios,samos
acts,20,chios,trogyllium
acts,20,chios,miletus
acts,20,paul,ephesus
acts,20,paul,asia
acts,20,paul,jerusalem
acts,20,paul,pentecost
acts,20,miletus,ephesus
acts,20,jews,greeks
acts,20,jews,god
acts,20,jews,jesus
acts,20,god,jesus
acts,21,coos,rhodes
acts,21,cyprus,syria
acts,21,cyprus,tyre
acts,21,paul,jerusalem
acts,21,tyre,ptolemais
acts,21,paul,caesarea
acts,21,paul,philip
acts,21,judaea,agabus
acts,21,paul,jews
acts,21,paul,gentiles
acts,21,paul,god
acts,21,paul,jesus
acts,21,caesarea,mnajesus
acts,21,caesarea,cyprus
acts,21,paul,james
acts,21,god,jews
acts,21,jews,gentiles
acts,21,jews,asia
acts,21,trophimus,paul
acts,21,paul,greek
acts,21,paul,tarsus
acts,21,paul,cilicia
acts,21,paul,hebrew
acts,22,damascus,jerusalem
acts,22,god,damascus
acts,22,ananias,jews
acts,22,paul,roman
acts,22,jews,paul
acts,23,paul,god
acts,23,revilest,god
acts,23,paul,sadducees
acts,23,paul,pharisees
acts,23,paul,pharisee
acts,23,sadducees,pharisees
acts,23,pharisees,god
acts,23,god,paul
acts,23,god,jerusalem
acts,23,god,rome
acts,23,jews,paul
acts,23,paul,felix
acts,23,claudius,lysias
acts,23,claudius,felix
acts,23,jews,roman
acts,23,paul,antipatris
acts,23,caesarea,paul
acts,24,tertullus,paul
acts,24,felix,lysias
acts,24,felix,drusilla
acts,24,felix,jewess
acts,24,felix,paul
acts,24,porcius,festus
acts,24,porcius,felix
acts,24,porcius,jews
acts,24,porcius,paul
acts,25,festus,caesarea
acts,25,festus,jerusalem
acts,25,jews,paul
acts,25,festus,paul
acts,25,caesarea,paul
acts,25,jews,jerusalem
acts,25,jews,caesar
acts,25,festus,jews
acts,25,paul,caesar
acts,25,festus,caesar
acts,25,agrippa,bernice
acts,25,agrippa,caesarea
acts,25,agrippa,festus
acts,25,jerusalem,jews
acts,25,jesus,paul
acts,25,paul,augustus
acts,25,agrippa,paul
acts,25,festus,agrippa
acts,26,agrippa,paul
acts,26,jerusalem,jews
acts,26,jesus,nazareth
acts,26,hebrew,saul
acts,26,satan,god
acts,26,damascus,jerusalem
acts,26,damascus,judaea
acts,26,damascus,gentiles
acts,26,damascus,god
acts,26,festus,paul
acts,26,agrippa,christian
acts,26,agrippa,festus
acts,26,agrippa,caesar
acts,27,italy,paul
acts,27,italy,julius
acts,27,italy,augustus
acts,27,adramyttium,asia
acts,27,adramyttium,aristarchus
acts,27,adramyttium,macedonian
acts,27,adramyttium,thessalonica
acts,27,sidon,julius
acts,27,sidon,paul
acts,27,cilicia,pamphylia
acts,27,cilicia,myra
acts,27,cilicia,lycia
acts,27,alexandria,italy
acts,27,cnidus,crete
acts,27,cnidus,salmone
acts,27,phenice,crete
acts,27,paul,crete
acts,28,publius,paul
acts,28,alexandria,pollux
acts,28,appii,paul
acts,28,appii,god
acts,28,rome,paul
acts,28,paul,jerusalem
acts,28,jews,caesar
acts,28,god,jesus
acts,28,god,moses
acts,28,paul,esaias
acts,28,god,gentiles
romans,1,paul,jesus
romans,1,paul,god
romans,1,jesus,god
romans,1,jesus,david
romans,1,rome,god
romans,1,rome,jesus
romans,1,god,jesus
romans,1,god,greek
romans,2,god,jesus
romans,2,god,gentiles
romans,3,jews,gentiles
romans,3,god,jesus
romans,3,god,jews
romans,3,god,gentiles
romans,4,abraham,god
romans,4,david,god
romans,4,jesus,god
romans,5,god,jesus
romans,5,adam,moses
romans,5,jesus,god
romans,6,god,jesus
romans,7,god,jesus
romans,8,god,jesus
romans,9,god,israel
romans,9,abraham,isaac
romans,9,rebecca,isaac
romans,9,jacob,esau
romans,9,jews,gentiles
romans,9,esaias,israel
romans,9,esaias,god
romans,9,esaias,sabaoth
romans,9,esaias,sodoma
romans,9,esaias,gomorrha
romans,10,god,jesus
romans,10,esaias,god
romans,11,god,wot
romans,11,god,elias
romans,11,god,israel
romans,11,god,baal
romans,11,god,gentiles
romans,11,israel,gentiles
romans,11,israel,sion
romans,13,god,jesus
romans,14,god,jesus
romans,15,god,jesus
romans,15,jesus,god
romans,15,gentiles,god
romans,15,esaias,jesse
romans,15,esaias,gentiles
romans,15,jesus,gentiles
romans,15,macedonia,achaia
romans,15,macedonia,jerusalem
romans,15,judaea,jerusalem
romans,16,epaenetus,achaia
romans,16,apelles,aristobulus
romans,16,herodion,narcissus
romans,16,herodion,god
romans,16,god,jesus
romans,16,god,satan
romans,16,timotheus,lucius
romans,16,timotheus,jajesus
romans,16,timotheus,sosipater
romans,16,tertius,god
romans,16,gaius,quartus
1 corinthians,1,paul,jesus
1 corinthians,1,paul,god
1 corinthians,1,paul,sosthenes
1 corinthians,1,god,corinth
1 corinthians,1,god,jesus
1 corinthians,1,paul,apollos
1 corinthians,1,paul,cephas
1 corinthians,1,god,crispus
1 corinthians,1,god,gaius
1 corinthians,1,jews,greeks
1 corinthians,1,jews,god
1 corinthians,3,paul,apollos
1 corinthians,3,paul,god
1 corinthians,3,apollos,god
1 corinthians,4,timotheus,god
1 corinthians,5,god,jesus
1 corinthians,5,satan,god
1 corinthians,5,satan,jesus
1 corinthians,6,god,jesus
1 corinthians,8,god,jesus
1 corinthians,9,god,cephas
1 corinthians,9,moses,god
1 corinthians,10,gentiles,god
1 corinthians,10,jews,gentiles
1 corinthians,10,jews,god
1 corinthians,11,god,jesus
1 corinthians,15,jesus,god
1 corinthians,15,god,jesus
1 corinthians,16,ephesus,pentecost
1 corinthians,16,timotheus,god
1 corinthians,16,stephanas,achaia
1 corinthians,16,stephanas,fortunatus
1 corinthians,16,stephanas,achaicus
1 corinthians,16,asia,aquila
1 corinthians,16,asia,priscilla
1 corinthians,16,asia,god
1 corinthians,16,god,jesus
1 corinthians,16,god,anathema
1 corinthians,16,god,maranatha
2 corinthians,1,paul,jesus
2 corinthians,1,paul,god
2 corinthians,1,paul,timothy
2 corinthians,1,paul,corinth
2 corinthians,1,paul,achaia
2 corinthians,1,god,jesus
2 corinthians,1,macedonia,judaea
2 corinthians,1,jesus,god
2 corinthians,1,jesus,silvanus
2 corinthians,1,jesus,timotheus
2 corinthians,1,god,corinth
2 corinthians,2,troas,god
2 corinthians,2,titus,macedonia
2 corinthians,4,god,jesus
2 corinthians,5,god,jesus
2 corinthians,7,god,titus
2 corinthians,8,god,macedonia
2 corinthians,8,god,jesus
2 corinthians,8,god,titus
2 corinthians,9,macedonia,achaia
2 corinthians,11,hebrews,israelites
2 corinthians,11,hebrews,abraham
2 corinthians,11,god,jesus
2 corinthians,11,damascus,aretas
2 corinthians,13,god,jesus
galatians,1,paul,jesus
galatians,1,paul,god
galatians,1,jews,god
galatians,1,jerusalem,arabia
galatians,1,jerusalem,damascus
galatians,1,jerusalem,peter
galatians,1,james,god
galatians,1,syria,cilicia
galatians,2,jerusalem,barnabas
galatians,2,jerusalem,titus
galatians,2,peter,gentiles
galatians,2,james,cephas
galatians,2,james,john
galatians,2,james,barnabas
galatians,2,peter,antioch
galatians,2,jews,barnabas
galatians,2,peter,jews
galatians,3,abraham,god
galatians,3,god,abraham
galatians,3,abraham,gentiles
galatians,3,abraham,jesus
galatians,3,god,jesus
galatians,4,god,jesus
galatians,4,god,abba
galatians,4,sinai,agar
galatians,4,agar,sinai
galatians,4,agar,arabia
galatians,4,agar,jerusalem
galatians,6,god,jesus
galatians,6,israel,god
ephesians,1,paul,jesus
ephesians,1,paul,god
ephesians,1,paul,ephesus
ephesians,1,god,jesus
ephesians,3,paul,jesus
ephesians,3,paul,gentiles
ephesians,3,god,jesus
ephesians,4,jesus,god
ephesians,4,god,gentiles
ephesians,5,god,jesus
ephesians,6,children,god
ephesians,6,tychicus,god
ephesians,6,god,jesus
philippians,1,paul,timotheus
philippians,1,paul,jesus
philippians,1,paul,philippi
philippians,1,god,jesus
philippians,1,jesus,god
philippians,2,jesus,god
philippians,2,god,jesus
philippians,2,god,timotheus
philippians,3,god,jesus
philippians,3,israel,benjamin
philippians,3,israel,hebrew
philippians,3,israel,hebrews
philippians,3,israel,pharisee
philippians,3,jesus,god
philippians,4,euodias,syntyche
philippians,4,euodias,god
philippians,4,god,jesus
philippians,4,epaphroditus,god
colossians,1,paul,jesus
colossians,1,paul,god
colossians,1,paul,timotheus
colossians,1,god,jesus
colossians,1,god,gentiles
colossians,3,god,jesus
colossians,3,children,god
colossians,4,tychicus,god
colossians,4,aristarchus,marcus
colossians,4,aristarchus,barnabas
colossians,4,jesus,justus
colossians,4,jesus,god
colossians,4,laodicea,hierapolis
colossians,4,luke,demas
colossians,4,laodicea,nymphas
colossians,4,archippus,god
1 thessalonians,1,paul,silvanus
1 thessalonians,1,paul,timotheus
1 thessalonians,1,paul,thessalonians
1 thessalonians,1,paul,god
1 thessalonians,1,paul,jesus
1 thessalonians,1,god,jesus
1 thessalonians,1,macedonia,achaia
1 thessalonians,1,god,macedonia
1 thessalonians,1,god,achaia
1 thessalonians,2,philippi,god
1 thessalonians,2,god,judaea
1 thessalonians,2,god,jesus
1 thessalonians,2,paul,satan
1 thessalonians,3,timotheus,god
1 thessalonians,3,god,jesus
1 thessalonians,4,god,jesus
1 thessalonians,4,gentiles,god
1 thessalonians,4,jesus,god
1 thessalonians,5,god,jesus
2 thessalonians,1,paul,silvanus
2 thessalonians,1,paul,timotheus
2 thessalonians,1,paul,god
2 thessalonians,1,paul,jesus
2 thessalonians,1,god,jesus
2 thessalonians,2,god,jesus
2 thessalonians,3,god,jesus
1 timothy,1,paul,jesus
1 timothy,1,paul,god
1 timothy,1,ephesus,macedonia
1 timothy,1,jesus,god
1 timothy,1,god,jesus
1 timothy,1,hymenaeus,alexander
1 timothy,1,hymenaeus,satan
1 timothy,2,god,jesus
1 timothy,2,adam,eve
1 timothy,3,god,gentiles
1 timothy,4,god,jesus
1 timothy,5,god,jesus
1 timothy,6,god,jesus
1 timothy,6,god,pontius
1 timothy,6,god,pilate
2 timothy,1,paul,jesus
2 timothy,1,paul,god
2 timothy,1,timothy,god
2 timothy,1,timothy,jesus
2 timothy,1,lois,eunice
2 timothy,1,asia,phygellus
2 timothy,1,asia,hermogenes
2 timothy,1,god,onesiphorus
2 timothy,1,god,ephesus
2 timothy,2,hymenaeus,philetus
2 timothy,3,jambres,moses
2 timothy,3,antioch,iconium
2 timothy,3,antioch,lystra
2 timothy,3,antioch,god
2 timothy,4,god,jesus
2 timothy,4,demas,thessalonica
2 timothy,4,demas,crescens
2 timothy,4,demas,galatia
2 timothy,4,demas,titus
2 timothy,4,demas,dalmatia
2 timothy,4,luke,mark
2 timothy,4,tychicus,ephesus
2 timothy,4,troas,carpus
2 timothy,4,god,gentiles
2 timothy,4,erastus,corinth
2 timothy,4,erastus,trophimus
2 timothy,4,erastus,miletum
titus,1,paul,god
titus,1,paul,jesus
titus,1,god,jesus
titus,1,titus,god
titus,1,titus,jesus
titus,2,god,jesus
titus,3,god,jesus
titus,3,artemas,tychicus
titus,3,artemas,nicopolis
philemon,1,paul,jesus
philemon,1,paul,timothy
philemon,1,paul,philemon
philemon,1,apphia,archippus
philemon,1,god,jesus
philemon,1,epaphras,jesus
philemon,1,marcus,aristarchus
philemon,1,marcus,demas
philemon,1,marcus,lucas
hebrews,1,jesus,god
hebrews,2,jesus,god
hebrews,3,egypt,moses
hebrews,4,jesus,god
hebrews,5,god,aaron
hebrews,5,god,melchisedec
hebrews,6,jesus,god
hebrews,6,god,abraham
hebrews,6,jesus,melchisedec
hebrews,7,melchisedec,salem
hebrews,7,melchisedec,god
hebrews,7,melchisedec,abraham
hebrews,7,abraham,salem
hebrews,7,jesus,god
hebrews,7,levi,abraham
hebrews,7,god,juda
hebrews,7,god,melchisedec
hebrews,8,moses,god
hebrews,8,egypt,god
hebrews,8,israel,god
hebrews,10,jesus,god
hebrews,11,abel,god
hebrews,11,abel,cain
hebrews,11,enoch,god
hebrews,11,noah,god
hebrews,11,isaac,jacob
hebrews,11,abraham,isaac
hebrews,11,isaac,esau
hebrews,11,jacob,joseph
hebrews,11,joseph,israel
hebrews,11,gedeon,barak
hebrews,11,gedeon,samjesus
hebrews,11,gedeon,jephthae
hebrews,11,gedeon,david
hebrews,11,gedeon,samuel
hebrews,12,jesus,god
hebrews,12,sion,god
hebrews,12,sion,jerusalem
hebrews,12,jesus,abel
hebrews,13,god,jesus
james,1,james,god
james,1,james,jesus
james,2,god,jesus
james,2,abraham,god
1 peter,1,peter,jesus
1 peter,1,peter,pontus
1 peter,1,peter,galatia
1 peter,1,peter,cappadocia
1 peter,1,peter,asia
1 peter,1,peter,bithynia
1 peter,1,god,jesus
1 peter,2,shepherd,bishop
1 peter,3,sara,abraham
1 peter,3,god,noah
1 peter,3,god,jesus
1 peter,4,god,jesus
1 peter,4,christian,god
1 peter,5,god,jesus
1 peter,5,silvanus,god
1 peter,5,babylon,marcus
2 peter,1,simon,peter
2 peter,1,simon,jesus
2 peter,1,simon,god
2 peter,1,god,jesus
2 peter,2,sodom,gomorrha
2 peter,2,balaam,bosor
2 peter,2,god,jesus
2 peter,3,god,jesus
2 peter,3,god,paul
1 john,1,god,jesus
1 john,2,god,jesus
1 john,2,jesus,god
1 john,3,jesus,god
1 john,4,jesus,god
1 john,4,god,jesus
1 john,5,jesus,god
1 john,5,god,jesus
jude,1,jude,jesus
jude,1,jude,james
jude,1,jude,god
jude,1,god,jesus
jude,1,god,egypt
jude,1,sodom,gomorrha
jude,1,michael,moses
jude,1,michael,god
jude,1,enoch,adam
jude,1,enoch,god
revelation,1,god,jesus
revelation,1,john,asia
revelation,1,john,jesus
revelation,1,john,patmos
revelation,1,john,god
revelation,2,jews,satan
revelation,2,satan,antipas
revelation,2,balaam,balac
revelation,2,balaam,israel
revelation,2,thyatira,jesus
revelation,2,thyatira,god
revelation,2,thyatira,satan
revelation,3,sardis,god
revelation,3,philadelphia,david
revelation,3,laodiceans,god
revelation,7,juda,reuben
revelation,7,juda,gad
revelation,7,aser,nephthalim
revelation,7,simeon,levi
revelation,7,simeon,issachar
revelation,7,zabulon,joseph
revelation,7,zabulon,benjamin
revelation,9,hebrew,abaddon
revelation,9,hebrew,greek
revelation,9,hebrew,apollyon
revelation,11,sodom,egypt
revelation,11,sodom,god
revelation,12,god,jesus
revelation,14,god,jesus
revelation,15,moses,god
revelation,16,hebrew,armageddon
revelation,16,babylon,god
revelation,20,jesus,god
revelation,20,gog,magog
revelation,21,john,jerusalem
revelation,21,john,god
revelation,21,jerusalem,god
revelation,22,god,jesus
